/*
SQLyog Ultimate v12.5.0 (64 bit)
MySQL - 5.6.17 : Database - praisesystem
*********************************************************************
*/

/*!40101 SET NAMES utf8 */;

/*!40101 SET SQL_MODE=''*/;

/*!40014 SET @OLD_UNIQUE_CHECKS=@@UNIQUE_CHECKS, UNIQUE_CHECKS=0 */;
/*!40014 SET @OLD_FOREIGN_KEY_CHECKS=@@FOREIGN_KEY_CHECKS, FOREIGN_KEY_CHECKS=0 */;
/*!40101 SET @OLD_SQL_MODE=@@SQL_MODE, SQL_MODE='NO_AUTO_VALUE_ON_ZERO' */;
/*!40111 SET @OLD_SQL_NOTES=@@SQL_NOTES, SQL_NOTES=0 */;
CREATE DATABASE /*!32312 IF NOT EXISTS*/`praisesystem` /*!40100 DEFAULT CHARACTER SET utf8 */;

USE `praisesystem`;

/*Table structure for table `impress_tag` */

DROP TABLE IF EXISTS `impress_tag`;

CREATE TABLE `impress_tag` (
  `impress_id` int(11) NOT NULL AUTO_INCREMENT COMMENT '主键(自增长)',
  `user_name` varchar(30) NOT NULL COMMENT '用户名编号',
  `tag` varchar(50) NOT NULL COMMENT '印象标签',
  `count` int(10) NOT NULL DEFAULT '0' COMMENT '赞同人数',
  `create_by` varchar(30) NOT NULL COMMENT '创建人',
  `create_date` timestamp NOT NULL DEFAULT CURRENT_TIMESTAMP COMMENT '创建时间',
  `last_update_by` varchar(30) NOT NULL COMMENT '最后更新人',
  `last_update_date` timestamp NOT NULL DEFAULT CURRENT_TIMESTAMP COMMENT '最后更新时间',
  `enable_flag` int(1) DEFAULT '1' COMMENT '是否有效',
  PRIMARY KEY (`impress_id`)
) ENGINE=InnoDB AUTO_INCREMENT=52 DEFAULT CHARSET=utf8 COMMENT='印象标签';

/*Data for the table `impress_tag` */

insert  into `impress_tag`(`impress_id`,`user_name`,`tag`,`count`,`create_by`,`create_date`,`last_update_by`,`last_update_date`,`enable_flag`) values 
(1,'233','765758',0,'6396000749','2018-05-13 19:01:16','6396000749','2018-05-13 19:01:16',1),
(2,'6396000748','124124',0,'6396000749','2018-05-13 19:04:09','6396000749','2018-05-13 19:04:09',1),
(3,'6396000748','546',0,'6396000749','2018-05-13 19:04:35','6396000749','2018-05-13 19:04:35',1),
(4,'6396000748','124124',0,'6396000749','2018-05-13 19:05:17','6396000749','2018-05-13 19:05:17',1),
(5,'6396000748','23333',0,'6396000749','2018-05-13 19:05:32','6396000749','2018-05-13 19:05:32',1),
(6,'6396000748','1111111',0,'6396000749','2018-05-13 19:05:40','6396000749','2018-05-13 19:05:40',1),
(7,'6396000748','42421',0,'6396000749','2018-05-13 19:05:53','6396000749','2018-05-13 19:05:53',1),
(8,'6396000748','1233',0,'6396000749','2018-05-13 19:06:44','6396000749','2018-05-13 19:06:44',1),
(9,'6396000748','555',0,'6396000749','2018-05-13 19:06:45','6396000749','2018-05-13 19:06:45',1),
(16,'6396000748','12421',0,'6396000749','2018-05-13 20:17:48','6396000749','2018-05-13 20:17:48',1),
(17,'6396000748','33333',0,'6396000749','2018-05-13 20:18:40','6396000749','2018-05-13 20:18:40',1),
(18,'6396000748','111',0,'6396000749','2018-05-13 20:25:31','6396000749','2018-05-13 20:25:31',1),
(19,'6396000748','2333',0,'6396000749','2018-05-13 20:25:35','6396000749','2018-05-13 20:25:35',1),
(20,'6396000748','124124',0,'6396000749','2018-05-13 20:26:03','6396000749','2018-05-13 20:26:03',1),
(21,'6396000748','323',0,'6396000749','2018-05-13 20:26:04','6396000749','2018-05-13 20:26:04',1),
(22,'6396000748','2222222222222222222222222222222',0,'6396000749','2018-05-13 20:26:21','6396000749','2018-05-13 20:26:21',1),
(23,'6396000748','3333333333333333333333333333333333333',0,'6396000749','2018-05-13 20:26:24','6396000749','2018-05-13 20:26:24',1),
(24,'6396000748','33333333',0,'6396000749','2018-05-13 20:26:29','6396000749','2018-05-13 20:26:29',1),
(25,'6396000748','44444444443',0,'6396000749','2018-05-13 20:26:33','6396000749','2018-05-13 20:26:33',1),
(26,'6396000741','9999',0,'6396000749','2018-05-14 20:08:23','6396000749','2018-05-14 20:08:23',1),
(27,'6396000743','帅',0,'6396000749','2018-05-14 22:44:31','6396000749','2018-05-14 22:44:31',1),
(28,'6396000745','。、。。233',0,'6396000749','2018-05-14 22:52:23','6396000749','2018-05-14 22:52:23',1),
(29,'6396000741','342141',0,'6396000748','2018-05-14 23:44:13','6396000748','2018-05-14 23:44:13',1),
(30,'6396000748','2312123',0,'6396000749','2018-05-19 09:28:17','6396000749','2018-05-19 09:28:17',1),
(31,'6396000748','23',0,'6396000749','2018-05-19 10:07:57','6396000749','2018-05-19 10:07:57',1),
(32,'6396000748','214124124',0,'6396000749','2018-05-19 10:24:07','6396000749','2018-05-19 10:24:07',1),
(33,'6396000748','213214124124',0,'6396000749','2018-05-19 10:24:10','6396000749','2018-05-19 10:24:10',1),
(34,'6396000743','12312',0,'22','2018-05-30 22:16:45','22','2018-05-30 22:16:45',1),
(35,'6396000743','未全额',0,'22','2018-05-30 22:16:47','22','2018-05-30 22:16:47',1),
(36,'6396000743','123123',0,'22','2018-05-30 22:16:49','22','2018-05-30 22:16:49',1),
(37,'6396000743','123123',0,'22','2018-05-30 22:16:50','22','2018-05-30 22:16:50',1),
(38,'6396000743','23123',0,'22','2018-05-30 22:16:52','22','2018-05-30 22:16:52',1),
(39,'6396000743','222222222222222222222222222222222222',0,'22','2018-05-30 22:17:01','22','2018-05-30 22:17:01',1),
(40,'6396000743','33333333333333333333333333333333333',0,'22','2018-05-30 22:17:04','22','2018-05-30 22:17:04',1),
(41,'6396000743','1244444444444444444444444444444444',0,'22','2018-05-30 22:17:07','22','2018-05-30 22:17:07',1),
(42,'6396000743','22222222222222222222222222222222',0,'22','2018-05-30 22:17:09','22','2018-05-30 22:17:09',1),
(43,'6396000743','213333333333333333333',0,'22','2018-05-30 22:17:13','22','2018-05-30 22:17:13',1),
(44,'6396000743','123',0,'22','2018-05-30 22:18:49','22','2018-05-30 22:18:49',1),
(45,'6396000743','123',0,'22','2018-05-30 22:18:50','22','2018-05-30 22:18:50',1),
(46,'6396000743','123',0,'22','2018-05-30 22:18:51','22','2018-05-30 22:18:51',1),
(47,'admin','qq12312',0,'6396000749','2018-06-03 18:37:35','6396000749','2018-06-03 18:37:35',1),
(48,'admin','asfas ',0,'6396000749','2018-06-03 18:37:37','6396000749','2018-06-03 18:37:37',1),
(49,'6396000749','帅气',0,'6396000748','2018-06-05 22:55:33','6396000748','2018-06-05 22:55:33',1),
(50,'6396000749','温柔',0,'6396000748','2018-06-05 22:55:39','6396000748','2018-06-05 22:55:39',1),
(51,'6396000749','体贴',0,'6396000748','2018-06-05 22:55:42','6396000748','2018-06-05 22:55:42',1);

/*Table structure for table `impress_tag_detail` */

DROP TABLE IF EXISTS `impress_tag_detail`;

CREATE TABLE `impress_tag_detail` (
  `impress_detail_id` int(11) NOT NULL AUTO_INCREMENT COMMENT '主键(自增长)',
  `impress_id` int(11) NOT NULL COMMENT '主表外键',
  `agreeBy` varchar(30) NOT NULL COMMENT '赞同人',
  `count` int(11) NOT NULL DEFAULT '0' COMMENT '次数',
  `create_by` varchar(30) NOT NULL COMMENT '创建人',
  `create_date` datetime NOT NULL COMMENT '创建时间',
  `last_update_by` varchar(30) NOT NULL COMMENT '最后更新人',
  `last_update_date` datetime NOT NULL COMMENT '最后更新时间',
  `enable_flag` int(1) DEFAULT '1' COMMENT '是否有效',
  PRIMARY KEY (`impress_detail_id`)
) ENGINE=InnoDB DEFAULT CHARSET=utf8 COMMENT='印象标签详细';

/*Data for the table `impress_tag_detail` */

/*Table structure for table `log` */

DROP TABLE IF EXISTS `log`;

CREATE TABLE `log` (
  `log_id` int(11) NOT NULL AUTO_INCREMENT COMMENT '主键(自增长)',
  `relevant` varchar(30) NOT NULL COMMENT '相关',
  `be_from` varchar(30) NOT NULL COMMENT '来自',
  `type` int(10) NOT NULL COMMENT '记录类型. 1、点赞 2、印象标签',
  `remark` varchar(500) DEFAULT NULL COMMENT '备注',
  `create_by` varchar(30) NOT NULL COMMENT '创建人',
  `create_date` timestamp NOT NULL DEFAULT CURRENT_TIMESTAMP COMMENT '创建时间',
  `last_update_by` varchar(30) NOT NULL COMMENT '最后更新人',
  `last_update_date` timestamp NOT NULL DEFAULT CURRENT_TIMESTAMP COMMENT '最后更新时间',
  `enable_flag` int(1) DEFAULT '1' COMMENT '是否有效',
  PRIMARY KEY (`log_id`)
) ENGINE=InnoDB AUTO_INCREMENT=11 DEFAULT CHARSET=utf8 COMMENT='日志动态表';

/*Data for the table `log` */

insert  into `log`(`log_id`,`relevant`,`be_from`,`type`,`remark`,`create_by`,`create_date`,`last_update_by`,`last_update_date`,`enable_flag`) values 
(1,'6396000749','6396000748',1,NULL,'6396000748','2018-06-21 22:01:35','6396000748','2018-06-21 22:01:35',1),
(2,'6396000749','6396000748',1,NULL,'6396000748','2018-06-21 22:22:55','6396000748','2018-06-21 22:22:55',1),
(3,'6396000749','6396000748',1,NULL,'6396000748','2018-06-21 22:23:05','6396000748','2018-06-21 22:23:05',1),
(4,'6396000749','6396000748',1,NULL,'6396000748','2018-06-21 22:38:42','6396000748','2018-06-21 22:38:42',1),
(5,'6396000748','6396000749',1,NULL,'6396000749','2018-06-23 15:10:37','6396000749','2018-06-23 15:10:37',1),
(6,'admin','6396000749',1,NULL,'6396000749','2018-06-23 17:24:55','6396000749','2018-06-23 17:24:55',1),
(7,'6396000741','6396000749',1,NULL,'6396000749','2018-06-23 17:24:59','6396000749','2018-06-23 17:24:59',1),
(8,'6396000743','6396000749',1,NULL,'6396000749','2018-06-23 17:25:02','6396000749','2018-06-23 17:25:02',1),
(9,'6396000745','6396000749',1,NULL,'6396000749','2018-06-23 17:25:11','6396000749','2018-06-23 17:25:11',1),
(10,'6396000748','6396000749',1,NULL,'6396000749','2018-06-23 17:25:14','6396000749','2018-06-23 17:25:14',1);

/*Table structure for table `meeting` */

DROP TABLE IF EXISTS `meeting`;

CREATE TABLE `meeting` (
  `meeting_id` int(11) NOT NULL AUTO_INCREMENT COMMENT '主键(自增长)',
  `tally` int(4) DEFAULT NULL,
  `start` date DEFAULT NULL COMMENT '开始时间',
  `end` date DEFAULT NULL COMMENT '结束时间',
  `theme` varchar(200) DEFAULT NULL COMMENT '内容',
  `content` varchar(2000) DEFAULT NULL COMMENT '内容',
  `is_send_email` tinyint(1) DEFAULT '0' COMMENT '是否发送邮件',
  `create_by` varchar(30) NOT NULL COMMENT '创建人',
  `create_date` timestamp NOT NULL DEFAULT CURRENT_TIMESTAMP COMMENT '创建时间',
  `last_update_by` varchar(30) NOT NULL COMMENT '最后更新人',
  `last_update_date` timestamp NOT NULL DEFAULT CURRENT_TIMESTAMP COMMENT '最后更新时间',
  `enable_flag` int(1) DEFAULT '1' COMMENT '是否有效',
  PRIMARY KEY (`meeting_id`)
) ENGINE=InnoDB AUTO_INCREMENT=16 DEFAULT CHARSET=utf8 COMMENT='会议表';

/*Data for the table `meeting` */

insert  into `meeting`(`meeting_id`,`tally`,`start`,`end`,`theme`,`content`,`is_send_email`,`create_by`,`create_date`,`last_update_by`,`last_update_date`,`enable_flag`) values 
(1,11,'2018-01-01','2018-01-14','测试12222','333333',0,'','2018-05-12 23:48:02','','2018-05-12 23:48:02',1),
(2,2,'2018-01-15','2018-01-31','测试2','内容',0,'','2018-05-12 23:48:12','','2018-05-12 23:48:12',1),
(3,3,'2018-02-01','2018-02-28','测试3','2333',0,'','2018-05-12 23:48:19','','2018-05-12 23:48:19',1),
(4,4,'2018-03-01','2018-03-15','测试4','23333',1,'','2018-05-12 23:48:45','','2018-05-12 23:48:45',1),
(5,5,'2018-03-16','2018-03-31','测试5','',1,'','2018-05-12 23:48:55','','2018-05-12 23:48:55',1),
(6,6,'2018-04-01','2018-04-15','测试6',NULL,0,'','2018-05-12 23:49:08','','2018-05-12 23:49:08',1),
(7,7,'2018-04-16','2018-04-30','测试7',NULL,0,'','2018-05-12 23:50:23','','2018-05-12 23:50:23',1),
(8,8,'2018-05-01','2018-05-13','测试8',NULL,0,'','2018-05-12 23:50:40','','2018-05-12 23:50:40',1),
(9,1,'2018-05-23','2018-05-30','12','124',0,'22','2018-05-30 23:49:02','22','2018-05-30 23:49:02',1),
(13,13,'2018-05-31','2018-06-23','设计模式分享','设计模式分享',1,'6396000749','2018-06-23 16:12:08','6396000749','2018-06-23 16:12:08',1);

/*Table structure for table `praise` */

DROP TABLE IF EXISTS `praise`;

CREATE TABLE `praise` (
  `praise_id` int(11) NOT NULL AUTO_INCREMENT COMMENT '主键(自增长)',
  `praise_from` varchar(50) NOT NULL COMMENT '来自',
  `praise_to` varchar(50) NOT NULL COMMENT '目标',
  `content` varchar(2000) NOT NULL DEFAULT '0' COMMENT '内容',
  `create_by` varchar(30) NOT NULL COMMENT '创建人',
  `create_date` timestamp NOT NULL DEFAULT CURRENT_TIMESTAMP COMMENT '创建时间',
  `last_update_by` varchar(30) NOT NULL COMMENT '最后更新人',
  `last_update_date` timestamp NOT NULL DEFAULT CURRENT_TIMESTAMP COMMENT '最后更新时间',
  `enable_flag` int(1) DEFAULT '1' COMMENT '是否有效',
  PRIMARY KEY (`praise_id`)
) ENGINE=InnoDB AUTO_INCREMENT=17 DEFAULT CHARSET=utf8 COMMENT='点赞表';

/*Data for the table `praise` */

insert  into `praise`(`praise_id`,`praise_from`,`praise_to`,`content`,`create_by`,`create_date`,`last_update_by`,`last_update_date`,`enable_flag`) values 
(2,'6396000748','6396000749','11111111111','6396000748','2018-06-05 22:14:59','6396000748','2018-06-05 22:14:59',1),
(3,'6396000748','6396000748','0','6396000748','2018-06-05 22:19:01','6396000748','2018-06-05 22:19:01',1),
(4,'6396000748','6396000749','完成任务：33333333333333','6396000748','2018-06-05 22:22:04','6396000748','2018-06-05 22:22:04',1),
(5,'6396000748','6396000749','111111','6396000748','2018-06-21 21:44:32','6396000748','2018-06-21 21:44:32',1),
(6,'6396000748','6396000749','23333333333','6396000748','2018-06-21 21:50:59','6396000748','2018-06-21 21:50:59',1),
(7,'6396000748','6396000749','11111111','6396000748','2018-06-21 22:01:35','6396000748','2018-06-21 22:01:35',1),
(8,'6396000748','6396000749','111111111111','6396000748','2018-06-21 22:22:55','6396000748','2018-06-21 22:22:55',1),
(9,'6396000748','6396000749','2222222222222','6396000748','2018-06-21 22:23:05','6396000748','2018-06-21 22:23:05',1),
(10,'6396000748','6396000749','你们说哈珀部分么你们说哈珀部分么你们说哈珀部分么你们说哈珀部分么你们说哈珀部分么你们说哈珀部分么你们说哈珀部分么你们说哈珀部分么你们说哈珀部分么你们说哈珀部分么你们说哈珀部分么你们说哈珀部分么你们说哈珀部分么你们说哈珀部分么你们说哈珀部分么你们说哈珀部分么你们说哈珀部分么你们说哈珀部分么你们说哈珀部分么你们说哈珀部分么你们说哈珀部分么你们说哈珀部分么','6396000748','2018-06-21 22:38:42','6396000748','2018-06-21 22:38:42',1),
(11,'6396000749','6396000748','1111','6396000749','2018-06-23 15:10:37','6396000749','2018-06-23 15:10:37',1),
(12,'6396000749','admin','23333','6396000749','2018-06-23 17:24:55','6396000749','2018-06-23 17:24:55',1),
(13,'6396000749','6396000741','456','6396000749','2018-06-23 17:24:59','6396000749','2018-06-23 17:24:59',1),
(14,'6396000749','6396000743','23333','6396000749','2018-06-23 17:25:02','6396000749','2018-06-23 17:25:02',1),
(15,'6396000749','6396000745','4444','6396000749','2018-06-23 17:25:11','6396000749','2018-06-23 17:25:11',1),
(16,'6396000749','6396000748','22222222','6396000749','2018-06-23 17:25:14','6396000749','2018-06-23 17:25:14',1);

/*Table structure for table `tasks` */

DROP TABLE IF EXISTS `tasks`;

CREATE TABLE `tasks` (
  `tasks_id` int(11) NOT NULL AUTO_INCREMENT COMMENT '主键(自增长)',
  `demand_title` varchar(300) DEFAULT NULL COMMENT '需求标题',
  `demand_content` varchar(2000) DEFAULT NULL COMMENT '需求内容',
  `status` int(1) DEFAULT '0' COMMENT '状态 0待充能,1待接受,2待完成,3已完成',
  `accept_by` varchar(30) DEFAULT NULL COMMENT '接受人',
  `accept_date` datetime DEFAULT NULL COMMENT '接受时间',
  `create_by` varchar(30) NOT NULL COMMENT '创建人',
  `create_date` timestamp NOT NULL DEFAULT CURRENT_TIMESTAMP COMMENT '创建时间',
  `last_update_by` varchar(30) NOT NULL COMMENT '最后更新人',
  `last_update_date` timestamp NOT NULL DEFAULT CURRENT_TIMESTAMP COMMENT '最后更新时间',
  `enable_flag` int(1) DEFAULT '1' COMMENT '是否有效',
  PRIMARY KEY (`tasks_id`)
) ENGINE=InnoDB AUTO_INCREMENT=16 DEFAULT CHARSET=utf8 COMMENT='任务表';

/*Data for the table `tasks` */

insert  into `tasks`(`tasks_id`,`demand_title`,`demand_content`,`status`,`accept_by`,`accept_date`,`create_by`,`create_date`,`last_update_by`,`last_update_date`,`enable_flag`) values 
(1,'111111111','333333333333333',3,'6396000749','2018-06-04 22:25:43','22','2018-05-31 23:14:31','22','2018-05-31 23:14:31',1),
(2,'222222222222','没有什么要补充的，我只想单纯的帮忙点个赞~',2,'6396000749','2018-06-03 17:12:59','22','2018-05-31 23:30:51','22','2018-05-31 23:30:51',1),
(10,'行政村感受到过分的话电风扇发达国家','行政村感受到过分的话电风扇发达国家行政村感受到过分的话电风扇发达国家行政村感受到过分的话电风扇发达国家行政村感受到过分的话电风扇发达国家行政村感受到过分的话电风扇发达国家行政村感受到过分的话电风扇发达国家行政村感受到过分的话电风扇发达国家行政村感受到过分的话电风扇发达国家行政村感受到过分的话电风扇发达国家行政村感受到过分的话电风扇发达国家',2,'6396000748','2018-06-03 19:25:47','6396000749','2018-06-03 17:28:13','6396000749','2018-06-03 17:28:13',1),
(11,'1233333333333333','222222222222',0,NULL,NULL,'6396000749','2018-06-03 18:11:03','6396000749','2018-06-03 18:11:03',1),
(12,'3124时代复分','2玩儿翁饿',4,'6396000748','2018-06-04 22:28:34','6396000748','2018-06-04 22:27:38','6396000748','2018-06-04 22:27:38',1),
(13,'邮件功能','点赞发送邮件',4,'6396000748','2018-06-05 22:15:51','6396000748','2018-06-05 22:15:24','6396000748','2018-06-05 22:15:24',1),
(14,'邮件功能2','点赞发送邮件2',4,'6396000748','2018-06-05 22:19:01','6396000748','2018-06-05 22:18:50','6396000748','2018-06-05 22:18:50',1),
(15,'333333333333','33333333333333',4,'6396000748','2018-06-05 22:22:05','6396000748','2018-06-05 22:21:05','6396000748','2018-06-05 22:21:05',1);

/*Table structure for table `tasks_detail` */

DROP TABLE IF EXISTS `tasks_detail`;

CREATE TABLE `tasks_detail` (
  `tasks_detail_id` int(11) NOT NULL AUTO_INCREMENT COMMENT '主键(自增长)',
  `tasks_id` int(11) NOT NULL COMMENT '任务ID',
  `demand_content` varchar(2000) DEFAULT '0' COMMENT '补充信息',
  `evaluate` double(3,2) DEFAULT '0.00' COMMENT '打分',
  `comment` varchar(1000) DEFAULT '' COMMENT '评论',
  `is_comment` int(1) DEFAULT '0' COMMENT '是否评论',
  `create_by` varchar(30) NOT NULL COMMENT '创建人',
  `create_date` timestamp NOT NULL DEFAULT CURRENT_TIMESTAMP COMMENT '创建时间',
  `last_update_by` varchar(30) NOT NULL COMMENT '最后更新人',
  `last_update_date` timestamp NOT NULL DEFAULT CURRENT_TIMESTAMP COMMENT '最后更新时间',
  `enable_flag` int(1) DEFAULT '1' COMMENT '是否有效',
  PRIMARY KEY (`tasks_detail_id`)
) ENGINE=InnoDB AUTO_INCREMENT=18 DEFAULT CHARSET=utf8 COMMENT='任务明细';

/*Data for the table `tasks_detail` */

insert  into `tasks_detail`(`tasks_detail_id`,`tasks_id`,`demand_content`,`evaluate`,`comment`,`is_comment`,`create_by`,`create_date`,`last_update_by`,`last_update_date`,`enable_flag`) values 
(1,1,'没有什么要补充的，我只想单纯的帮忙点个赞~',3.50,'问下233',1,'6396000749','2018-06-04 22:15:54','6396000749','2018-06-04 22:15:54',1),
(2,2,'没有什么要补充的，我只想单纯的帮忙点个赞~',4.00,'23333',1,'6396000749','2018-06-04 22:18:12','6396000749','2018-06-04 22:18:12',1),
(3,2,'没有什么要补充的，我只想单纯的帮忙点个赞~',0.00,'',0,'6396000749','2018-06-04 22:18:14','6396000749','2018-06-04 22:18:14',1),
(4,1,'没有什么要补充的，我只想单纯的帮忙点个赞~',0.00,'',0,'6396000749','2018-06-04 22:21:41','6396000749','2018-06-04 22:21:41',1),
(5,1,'没有什么要补充的，我只想单纯的帮忙点个赞~',0.00,'',0,'6396000749','2018-06-04 22:21:42','6396000749','2018-06-04 22:21:42',1),
(6,12,'没有什么要补充的，我只想单纯的帮忙点个赞~',0.00,'',0,'6396000748','2018-06-04 22:27:47','6396000748','2018-06-04 22:27:47',1),
(7,12,'没有什么要补充的，我只想单纯的帮忙点个赞~',0.00,'',0,'6396000748','2018-06-04 22:27:49','6396000748','2018-06-04 22:27:49',1),
(8,12,'没有什么要补充的，我只想单纯的帮忙点个赞~',0.00,'',0,'6396000748','2018-06-04 22:27:50','6396000748','2018-06-04 22:27:50',1),
(9,13,'没有什么要补充的，我只想单纯的帮忙点个赞~',0.00,'',0,'6396000748','2018-06-05 22:15:26','6396000748','2018-06-05 22:15:26',1),
(10,13,'没有什么要补充的，我只想单纯的帮忙点个赞~',0.00,'',0,'6396000748','2018-06-05 22:15:28','6396000748','2018-06-05 22:15:28',1),
(11,13,'没有什么要补充的，我只想单纯的帮忙点个赞~',0.00,'',0,'6396000748','2018-06-05 22:15:29','6396000748','2018-06-05 22:15:29',1),
(12,14,'没有什么要补充的，我只想单纯的帮忙点个赞~',0.00,'',0,'6396000748','2018-06-05 22:18:52','6396000748','2018-06-05 22:18:52',1),
(13,14,'没有什么要补充的，我只想单纯的帮忙点个赞~',0.00,'',0,'6396000748','2018-06-05 22:18:54','6396000748','2018-06-05 22:18:54',1),
(14,14,'没有什么要补充的，我只想单纯的帮忙点个赞~',0.00,'',0,'6396000748','2018-06-05 22:18:55','6396000748','2018-06-05 22:18:55',1),
(15,15,'没有什么要补充的，我只想单纯的帮忙点个赞~',0.00,'',0,'6396000749','2018-06-05 22:21:22','6396000749','2018-06-05 22:21:22',1),
(16,15,'没有什么要补充的，我只想单纯的帮忙点个赞~',0.00,'',0,'6396000749','2018-06-05 22:21:23','6396000749','2018-06-05 22:21:23',1),
(17,15,'没有什么要补充的，我只想单纯的帮忙点个赞~',0.00,'',0,'6396000749','2018-06-05 22:21:30','6396000749','2018-06-05 22:21:30',1);

/*Table structure for table `users` */

DROP TABLE IF EXISTS `users`;

CREATE TABLE `users` (
  `id` int(11) NOT NULL AUTO_INCREMENT COMMENT '主键(自增长)',
  `user_name` varchar(30) NOT NULL COMMENT '用户名编号',
  `nick_name` varchar(255) NOT NULL COMMENT '姓名',
  `password` varchar(128) NOT NULL COMMENT '密码',
  `portrait` varchar(300) DEFAULT '' COMMENT '头像路径',
  `signature` varchar(500) DEFAULT '' COMMENT '个性签名',
  `sex` int(1) DEFAULT '1' COMMENT '性别',
  `status` int(4) NOT NULL DEFAULT '1' COMMENT '状态',
  `register_date` timestamp NOT NULL DEFAULT CURRENT_TIMESTAMP COMMENT '注册日期',
  `register_ip` varchar(128) DEFAULT NULL COMMENT '注册IP',
  `login_time` timestamp NOT NULL DEFAULT CURRENT_TIMESTAMP COMMENT '最后更新时间',
  `login_ip` varchar(128) DEFAULT NULL COMMENT '登录IP',
  `enable_flag` int(1) DEFAULT '1' COMMENT '是否有效',
  PRIMARY KEY (`id`)
) ENGINE=InnoDB AUTO_INCREMENT=8 DEFAULT CHARSET=utf8 COMMENT='用户信息表';

/*Data for the table `users` */

insert  into `users`(`id`,`user_name`,`nick_name`,`password`,`portrait`,`signature`,`sex`,`status`,`register_date`,`register_ip`,`login_time`,`login_ip`,`enable_flag`) values 
(2,'6396000749','唐志','fbaa75a6bad8bbdbf509fa4f95757af6','http://localhost:8099/images/2.jpg','一点一滴的磨练都是通往强者之路的基石',1,1,'2018-04-14 16:15:06','','2018-04-14 17:27:23','',1),
(3,'6396000748','黄三','01e19b80f9ad9634ed53c1701694aaec','','241244242421421',0,0,'2018-03-15 16:15:06','','2018-04-14 16:15:06','',1),
(4,'admin','管理员','b676cc5fb659ffe396904c581c3503b2','http://localhost:8099/images/4.jpg','',NULL,0,'2018-03-28 16:15:06','','2018-04-14 16:15:06','',1),
(5,'6396000741','张三','24e6019fe5f90a76a2126b013e2c69e8','','',NULL,0,'2018-03-28 16:15:06','','2018-04-14 16:15:06','',1),
(6,'6396000743','李四','864f5b4a9c5d4e45d0efe3f89545843b','','',NULL,0,'2018-03-28 16:15:06','','2018-04-14 16:15:06','',1),
(7,'6396000745','王武','2274f14708662553d6e633cfc5418863','','',NULL,0,'2018-03-28 16:15:06','','2018-04-14 16:15:06','',1);

/*Table structure for table `vote` */

DROP TABLE IF EXISTS `vote`;

CREATE TABLE `vote` (
  `vote_id` int(11) NOT NULL AUTO_INCREMENT COMMENT '主键(自增长)',
  `theme` varchar(1000) DEFAULT NULL COMMENT '主题',
  `additional` varchar(2000) DEFAULT NULL COMMENT '补充信息',
  `type` int(10) DEFAULT NULL COMMENT '投票类型 1.积分制,2.单选,3.多选',
  `votes_number` int(10) DEFAULT '1' COMMENT '票数,单选,多选为默认为1 积分制根据输入',
  `participants` int(10) DEFAULT '0' COMMENT '参与人数',
  `select_myself` tinyint(1) DEFAULT '0' COMMENT '是否可选择自己',
  `most_select` int(10) DEFAULT NULL COMMENT '最多选项',
  `least_select` int(10) DEFAULT NULL COMMENT '最少选项',
  `close_date` datetime NOT NULL COMMENT '关闭时间',
  `is_send_email` tinyint(1) DEFAULT '0' COMMENT '是否发送邮件',
  `option_type` int(10) DEFAULT NULL COMMENT '选项类型 0.所有注册用户 1.自定义选项',
  `create_by` varchar(30) NOT NULL COMMENT '创建人',
  `create_date` timestamp NOT NULL DEFAULT CURRENT_TIMESTAMP COMMENT '创建时间',
  `last_update_by` varchar(30) NOT NULL COMMENT '最后更新人',
  `last_update_date` timestamp NOT NULL DEFAULT CURRENT_TIMESTAMP COMMENT '最后更新时间',
  `enable_flag` int(1) DEFAULT '1' COMMENT '是否有效',
  PRIMARY KEY (`vote_id`)
) ENGINE=InnoDB AUTO_INCREMENT=18 DEFAULT CHARSET=utf8 COMMENT='投票表';

/*Data for the table `vote` */

insert  into `vote`(`vote_id`,`theme`,`additional`,`type`,`votes_number`,`participants`,`select_myself`,`most_select`,`least_select`,`close_date`,`is_send_email`,`option_type`,`create_by`,`create_date`,`last_update_by`,`last_update_date`,`enable_flag`) values 
(8,'设计模式大赛','设计模式大赛',1,10,1,NULL,3,3,'2018-06-22 00:00:00',1,0,'6396000748','2018-06-22 21:39:02','6396000748','2018-06-22 21:39:02',1),
(9,'深圳哪里最好玩','深圳哪里最好玩',2,1,1,NULL,1,1,'2018-06-22 00:00:00',1,1,'6396000748','2018-06-22 21:40:10','6396000748','2018-06-22 21:40:10',1),
(10,'哪个用户最帅','哪个用户最帅',3,10,1,NULL,2,2,'2018-06-22 00:00:00',1,0,'6396000748','2018-06-22 21:40:49','6396000748','2018-06-22 21:40:49',1),
(11,'穿的最美','123124',3,1,1,NULL,1,1,'2018-06-22 00:00:00',1,0,'6396000748','2018-06-22 21:44:28','6396000748','2018-06-22 21:44:28',1),
(12,'3333333','3333333',3,1,0,NULL,1,1,'2018-06-08 00:00:00',1,0,'6396000748','2018-06-22 21:44:54','6396000748','2018-06-22 21:44:54',1),
(14,'44444444444','444444',3,2,0,NULL,2,4,'2018-06-22 00:00:00',1,0,'6396000748','2018-06-22 21:46:14','6396000748','2018-06-22 21:46:14',1),
(15,'2222','222222',3,2,0,NULL,2,4,'2018-06-22 00:00:00',1,0,'6396000748','2018-06-22 21:48:23','6396000748','2018-06-22 21:48:23',1),
(16,'5555555555','5555555',3,4,1,NULL,4,2,'2018-06-22 00:00:00',1,0,'6396000748','2018-06-22 21:50:37','6396000748','2018-06-22 21:50:37',1),
(17,'最可爱的人','122333',2,1,0,NULL,1,1,'2018-06-24 00:00:00',1,0,'6396000749','2018-06-23 17:15:54','6396000749','2018-06-23 17:15:54',1);

/*Table structure for table `vote_option` */

DROP TABLE IF EXISTS `vote_option`;

CREATE TABLE `vote_option` (
  `option_id` int(11) NOT NULL AUTO_INCREMENT COMMENT '主键(自增长)',
  `vote_id` int(11) NOT NULL COMMENT '主表ID',
  `option_text` varchar(1000) DEFAULT '0' COMMENT '选项',
  `create_by` varchar(30) NOT NULL COMMENT '创建人',
  `create_date` timestamp NOT NULL DEFAULT CURRENT_TIMESTAMP COMMENT '创建时间',
  `last_update_by` varchar(30) NOT NULL COMMENT '最后更新人',
  `last_update_date` timestamp NOT NULL DEFAULT CURRENT_TIMESTAMP COMMENT '最后更新时间',
  `enable_flag` int(1) DEFAULT '1' COMMENT '是否有效',
  PRIMARY KEY (`option_id`)
) ENGINE=InnoDB AUTO_INCREMENT=187 DEFAULT CHARSET=utf8 COMMENT='投票选项';

/*Data for the table `vote_option` */

insert  into `vote_option`(`option_id`,`vote_id`,`option_text`,`create_by`,`create_date`,`last_update_by`,`last_update_date`,`enable_flag`) values 
(130,8,'唐志(6396000749)','6396000748','2018-06-22 21:39:02','6396000748','2018-06-22 21:39:02',NULL),
(131,8,'黄三(6396000748)','6396000748','2018-06-22 21:39:02','6396000748','2018-06-22 21:39:02',NULL),
(132,8,'管理员(admin)','6396000748','2018-06-22 21:39:02','6396000748','2018-06-22 21:39:02',NULL),
(133,8,'张三(6396000741)','6396000748','2018-06-22 21:39:02','6396000748','2018-06-22 21:39:02',NULL),
(134,8,'李四(6396000743)','6396000748','2018-06-22 21:39:02','6396000748','2018-06-22 21:39:02',NULL),
(135,8,'王武(6396000745)','6396000748','2018-06-22 21:39:02','6396000748','2018-06-22 21:39:02',NULL),
(136,9,'莲花山','6396000748','2018-06-22 21:40:10','6396000748','2018-06-22 21:40:10',NULL),
(137,9,'南山','6396000748','2018-06-22 21:40:10','6396000748','2018-06-22 21:40:10',NULL),
(138,9,'南澳','6396000748','2018-06-22 21:40:10','6396000748','2018-06-22 21:40:10',NULL),
(139,10,'唐志(6396000749)','6396000748','2018-06-22 21:40:50','6396000748','2018-06-22 21:40:50',NULL),
(140,10,'黄三(6396000748)','6396000748','2018-06-22 21:40:50','6396000748','2018-06-22 21:40:50',NULL),
(141,10,'管理员(admin)','6396000748','2018-06-22 21:40:50','6396000748','2018-06-22 21:40:50',NULL),
(142,10,'张三(6396000741)','6396000748','2018-06-22 21:40:50','6396000748','2018-06-22 21:40:50',NULL),
(143,10,'李四(6396000743)','6396000748','2018-06-22 21:40:50','6396000748','2018-06-22 21:40:50',NULL),
(144,10,'王武(6396000745)','6396000748','2018-06-22 21:40:50','6396000748','2018-06-22 21:40:50',NULL),
(145,11,'唐志(6396000749)','6396000748','2018-06-22 21:44:28','6396000748','2018-06-22 21:44:28',NULL),
(146,11,'黄三(6396000748)','6396000748','2018-06-22 21:44:28','6396000748','2018-06-22 21:44:28',NULL),
(147,11,'管理员(admin)','6396000748','2018-06-22 21:44:28','6396000748','2018-06-22 21:44:28',NULL),
(148,11,'张三(6396000741)','6396000748','2018-06-22 21:44:28','6396000748','2018-06-22 21:44:28',NULL),
(149,11,'李四(6396000743)','6396000748','2018-06-22 21:44:28','6396000748','2018-06-22 21:44:28',NULL),
(150,11,'王武(6396000745)','6396000748','2018-06-22 21:44:28','6396000748','2018-06-22 21:44:28',NULL),
(151,12,'唐志(6396000749)','6396000748','2018-06-22 21:44:55','6396000748','2018-06-22 21:44:55',NULL),
(152,12,'黄三(6396000748)','6396000748','2018-06-22 21:44:55','6396000748','2018-06-22 21:44:55',NULL),
(153,12,'管理员(admin)','6396000748','2018-06-22 21:44:55','6396000748','2018-06-22 21:44:55',NULL),
(154,12,'张三(6396000741)','6396000748','2018-06-22 21:44:55','6396000748','2018-06-22 21:44:55',NULL),
(155,12,'李四(6396000743)','6396000748','2018-06-22 21:44:55','6396000748','2018-06-22 21:44:55',NULL),
(156,12,'王武(6396000745)','6396000748','2018-06-22 21:44:55','6396000748','2018-06-22 21:44:55',NULL),
(163,14,'唐志(6396000749)','6396000748','2018-06-22 21:46:14','6396000748','2018-06-22 21:46:14',NULL),
(164,14,'黄三(6396000748)','6396000748','2018-06-22 21:46:14','6396000748','2018-06-22 21:46:14',NULL),
(165,14,'管理员(admin)','6396000748','2018-06-22 21:46:14','6396000748','2018-06-22 21:46:14',NULL),
(166,14,'张三(6396000741)','6396000748','2018-06-22 21:46:14','6396000748','2018-06-22 21:46:14',NULL),
(167,14,'李四(6396000743)','6396000748','2018-06-22 21:46:14','6396000748','2018-06-22 21:46:14',NULL),
(168,14,'王武(6396000745)','6396000748','2018-06-22 21:46:14','6396000748','2018-06-22 21:46:14',NULL),
(169,15,'唐志(6396000749)','6396000748','2018-06-22 21:48:24','6396000748','2018-06-22 21:48:24',NULL),
(170,15,'黄三(6396000748)','6396000748','2018-06-22 21:48:24','6396000748','2018-06-22 21:48:24',NULL),
(171,15,'管理员(admin)','6396000748','2018-06-22 21:48:24','6396000748','2018-06-22 21:48:24',NULL),
(172,15,'张三(6396000741)','6396000748','2018-06-22 21:48:24','6396000748','2018-06-22 21:48:24',NULL),
(173,15,'李四(6396000743)','6396000748','2018-06-22 21:48:24','6396000748','2018-06-22 21:48:24',NULL),
(174,15,'王武(6396000745)','6396000748','2018-06-22 21:48:24','6396000748','2018-06-22 21:48:24',NULL),
(175,16,'唐志(6396000749)','6396000748','2018-06-22 21:50:38','6396000748','2018-06-22 21:50:38',NULL),
(176,16,'黄三(6396000748)','6396000748','2018-06-22 21:50:38','6396000748','2018-06-22 21:50:38',NULL),
(177,16,'管理员(admin)','6396000748','2018-06-22 21:50:38','6396000748','2018-06-22 21:50:38',NULL),
(178,16,'张三(6396000741)','6396000748','2018-06-22 21:50:38','6396000748','2018-06-22 21:50:38',NULL),
(179,16,'李四(6396000743)','6396000748','2018-06-22 21:50:38','6396000748','2018-06-22 21:50:38',NULL),
(180,16,'王武(6396000745)','6396000748','2018-06-22 21:50:38','6396000748','2018-06-22 21:50:38',NULL),
(181,17,'唐志(6396000749)','6396000749','2018-06-23 17:15:55','6396000749','2018-06-23 17:15:55',NULL),
(182,17,'黄三(6396000748)','6396000749','2018-06-23 17:15:55','6396000749','2018-06-23 17:15:55',NULL),
(183,17,'管理员(admin)','6396000749','2018-06-23 17:15:55','6396000749','2018-06-23 17:15:55',NULL),
(184,17,'张三(6396000741)','6396000749','2018-06-23 17:15:55','6396000749','2018-06-23 17:15:55',NULL),
(185,17,'李四(6396000743)','6396000749','2018-06-23 17:15:55','6396000749','2018-06-23 17:15:55',NULL),
(186,17,'王武(6396000745)','6396000749','2018-06-23 17:15:55','6396000749','2018-06-23 17:15:55',NULL);

/*Table structure for table `vote_option_detail` */

DROP TABLE IF EXISTS `vote_option_detail`;

CREATE TABLE `vote_option_detail` (
  `option_detail_id` int(11) NOT NULL AUTO_INCREMENT COMMENT '主键(自增长)',
  `option_id` int(11) NOT NULL COMMENT '主表ID',
  `voters` varchar(30) DEFAULT NULL COMMENT '投票人',
  `share` int(11) DEFAULT '0' COMMENT '票数',
  `create_by` varchar(30) NOT NULL COMMENT '创建人',
  `create_date` timestamp NOT NULL DEFAULT CURRENT_TIMESTAMP COMMENT '创建时间',
  `last_update_by` varchar(30) NOT NULL COMMENT '最后更新人',
  `last_update_date` timestamp NOT NULL DEFAULT CURRENT_TIMESTAMP COMMENT '最后更新时间',
  `enable_flag` int(1) DEFAULT '1' COMMENT '是否有效',
  PRIMARY KEY (`option_detail_id`)
) ENGINE=InnoDB AUTO_INCREMENT=14 DEFAULT CHARSET=utf8 COMMENT='选项明细';

/*Data for the table `vote_option_detail` */

insert  into `vote_option_detail`(`option_detail_id`,`option_id`,`voters`,`share`,`create_by`,`create_date`,`last_update_by`,`last_update_date`,`enable_flag`) values 
(1,102,'6396000748',10,'6396000748','2018-06-21 22:34:48','6396000748','2018-06-21 22:34:48',1),
(2,118,'6396000748',1,'6396000748','2018-06-21 22:35:05','6396000748','2018-06-21 22:35:05',1),
(3,130,'6396000748',4,'6396000748','2018-06-22 21:39:17','6396000748','2018-06-22 21:39:17',1),
(4,131,'6396000748',3,'6396000748','2018-06-22 21:39:17','6396000748','2018-06-22 21:39:17',1),
(5,132,'6396000748',3,'6396000748','2018-06-22 21:39:17','6396000748','2018-06-22 21:39:17',1),
(6,136,'6396000748',1,'6396000748','2018-06-22 21:40:15','6396000748','2018-06-22 21:40:15',1),
(7,139,'6396000748',1,'6396000748','2018-06-22 21:41:00','6396000748','2018-06-22 21:41:00',1),
(8,140,'6396000748',1,'6396000748','2018-06-22 21:41:00','6396000748','2018-06-22 21:41:00',1),
(9,145,'6396000748',1,'6396000748','2018-06-22 21:44:42','6396000748','2018-06-22 21:44:42',1),
(10,177,'6396000748',1,'6396000748','2018-06-22 21:50:49','6396000748','2018-06-22 21:50:49',1),
(11,178,'6396000748',1,'6396000748','2018-06-22 21:50:49','6396000748','2018-06-22 21:50:49',1),
(12,179,'6396000748',1,'6396000748','2018-06-22 21:50:49','6396000748','2018-06-22 21:50:49',1),
(13,180,'6396000748',1,'6396000748','2018-06-22 21:50:49','6396000748','2018-06-22 21:50:49',1);

/*!40101 SET SQL_MODE=@OLD_SQL_MODE */;
/*!40014 SET FOREIGN_KEY_CHECKS=@OLD_FOREIGN_KEY_CHECKS */;
/*!40014 SET UNIQUE_CHECKS=@OLD_UNIQUE_CHECKS */;
/*!40111 SET SQL_NOTES=@OLD_SQL_NOTES */;
